tunti,suunnitellut,ajetut,luotettavuus,paiva
0,219,218,99.54,2026-06-19
1,187,184,98.4,2026-06-19
2,151,151,100.0,2026-06-19
3,138,138,100.0,2026-06-19
4,87,87,100.0,2026-06-19
5,268,266,99.25,2026-06-19
6,449,447,99.55,2026-06-19
7,514,512,99.61,2026-06-19
8,579,576,99.48,2026-06-19
9,721,717,99.45,2026-06-19
10,799,795,99.5,2026-06-19
11,817,813,99.51,2026-06-19
12,818,814,99.51,2026-06-19
13,810,803,99.14,2026-06-19
14,816,807,98.9,2026-06-19
15,814,808,99.26,2026-06-19
16,811,803,99.01,2026-06-19
17,806,797,98.88,2026-06-19
18,786,777,98.85,2026-06-19
19,729,722,99.04,2026-06-19
20,666,657,98.65,2026-06-19
21,580,576,99.31,2026-06-19
22,524,520,99.24,2026-06-19
23,388,387,99.74,2026-06-19
0,31,31,100.0,2026-06-20
1,13,13,100.0,2026-06-20
2,8,8,100.0,2026-06-20
3,8,8,100.0,2026-06-20
4,8,8,100.0,2026-06-20
5,42,42,100.0,2026-06-20
6,149,149,100.0,2026-06-20
7,179,179,100.0,2026-06-20
8,198,198,100.0,2026-06-20
9,232,232,100.0,2026-06-20
10,264,264,100.0,2026-06-20
11,273,272,99.63,2026-06-20
12,277,276,99.64,2026-06-20
13,275,274,99.64,2026-06-20
14,273,272,99.63,2026-06-20
15,275,274,99.64,2026-06-20
16,275,274,99.64,2026-06-20
17,274,274,100.0,2026-06-20
18,269,268,99.63,2026-06-20
19,265,264,99.62,2026-06-20
20,244,243,99.59,2026-06-20
21,217,216,99.54,2026-06-20
22,185,183,98.92,2026-06-20
23,137,136,99.27,2026-06-20
0,202,198,98.02,2026-06-21
1,125,123,98.4,2026-06-21
2,23,22,95.65,2026-06-21
3,8,8,100.0,2026-06-21
4,18,17,94.44,2026-06-21
5,135,133,98.52,2026-06-21
6,375,372,99.2,2026-06-21
7,455,450,98.9,2026-06-21
8,510,504,98.82,2026-06-21
9,612,609,99.51,2026-06-21
10,705,698,99.01,2026-06-21
11,730,725,99.32,2026-06-21
12,739,732,99.05,2026-06-21
13,736,729,99.05,2026-06-21
14,734,726,98.91,2026-06-21
15,736,733,99.59,2026-06-21
16,735,729,99.18,2026-06-21
17,730,728,99.73,2026-06-21
18,723,719,99.45,2026-06-21
19,701,696,99.29,2026-06-21
20,665,660,99.25,2026-06-21
21,596,594,99.66,2026-06-21
22,524,520,99.24,2026-06-21
23,380,379,99.74,2026-06-21
0,214,211,98.6,2026-06-22
1,131,128,97.71,2026-06-22
2,23,22,95.65,2026-06-22
3,10,10,100.0,2026-06-22
4,132,132,100.0,2026-06-22
5,614,613,99.84,2026-06-22
6,982,981,99.9,2026-06-22
7,1119,1118,99.91,2026-06-22
8,1113,1101,98.92,2026-06-22
9,1039,1031,99.23,2026-06-22
10,1014,1008,99.41,2026-06-22
11,998,993,99.5,2026-06-22
12,1016,1009,99.31,2026-06-22
13,1060,1054,99.43,2026-06-22
14,1111,1108,99.73,2026-06-22
15,1121,1117,99.64,2026-06-22
16,1121,1117,99.64,2026-06-22
17,1065,1057,99.25,2026-06-22
18,961,956,99.48,2026-06-22
19,866,862,99.54,2026-06-22
20,769,764,99.35,2026-06-22
21,645,641,99.38,2026-06-22
22,559,554,99.11,2026-06-22
23,395,391,98.99,2026-06-22
0,214,213,99.53,2026-06-23
1,131,131,100.0,2026-06-23
2,23,23,100.0,2026-06-23
3,10,10,100.0,2026-06-23
4,132,131,99.24,2026-06-23
5,614,613,99.84,2026-06-23
6,982,980,99.8,2026-06-23
7,1119,1117,99.82,2026-06-23
8,1113,1104,99.19,2026-06-23
9,1039,1032,99.33,2026-06-23
10,1014,1005,99.11,2026-06-23
11,998,992,99.4,2026-06-23
12,1016,1004,98.82,2026-06-23
13,1060,1049,98.96,2026-06-23
14,1111,1100,99.01,2026-06-23
15,1121,1113,99.29,2026-06-23
16,1121,1115,99.46,2026-06-23
17,1065,1057,99.25,2026-06-23
18,961,953,99.17,2026-06-23
19,866,857,98.96,2026-06-23
20,769,766,99.61,2026-06-23
21,645,643,99.69,2026-06-23
22,559,557,99.64,2026-06-23
23,395,394,99.75,2026-06-23
0,214,214,100.0,2026-06-24
1,131,131,100.0,2026-06-24
2,23,22,95.65,2026-06-24
3,10,10,100.0,2026-06-24
4,132,131,99.24,2026-06-24
5,614,613,99.84,2026-06-24
6,982,980,99.8,2026-06-24
7,1119,1119,100.0,2026-06-24
8,1113,1105,99.28,2026-06-24
9,1039,1029,99.04,2026-06-24
10,1014,1009,99.51,2026-06-24
11,998,992,99.4,2026-06-24
12,1016,1006,99.02,2026-06-24
13,1060,1051,99.15,2026-06-24
14,1111,1100,99.01,2026-06-24
15,1121,1111,99.11,2026-06-24
16,1121,1111,99.11,2026-06-24
17,1065,1056,99.15,2026-06-24
18,961,955,99.38,2026-06-24
19,866,860,99.31,2026-06-24
20,769,766,99.61,2026-06-24
21,645,643,99.69,2026-06-24
22,559,556,99.46,2026-06-24
23,395,394,99.75,2026-06-24
0,214,205,95.79,2026-06-25
1,131,126,96.18,2026-06-25
2,23,22,95.65,2026-06-25
3,10,10,100.0,2026-06-25
4,132,130,98.48,2026-06-25
5,614,612,99.67,2026-06-25
6,982,981,99.9,2026-06-25
7,1119,1118,99.91,2026-06-25
8,1113,1104,99.19,2026-06-25
9,1039,1033,99.42,2026-06-25
10,1014,1005,99.11,2026-06-25
11,998,990,99.2,2026-06-25
12,1016,1006,99.02,2026-06-25
13,1060,1049,98.96,2026-06-25
14,1111,1102,99.19,2026-06-25
15,1121,1111,99.11,2026-06-25
16,1121,1109,98.93,2026-06-25
17,1065,1053,98.87,2026-06-25
18,961,951,98.96,2026-06-25
19,866,853,98.5,2026-06-25
20,769,760,98.83,2026-06-25
21,645,636,98.6,2026-06-25
22,559,552,98.75,2026-06-25
23,395,388,98.23,2026-06-25
0,231,224,96.97,2026-06-26
1,195,192,98.46,2026-06-26
2,158,155,98.1,2026-06-26
3,146,140,95.89,2026-06-26
4,190,186,97.89,2026-06-26
5,614,603,98.21,2026-06-26
6,982,972,98.98,2026-06-26
7,1119,1106,98.84,2026-06-26
8,1113,1100,98.83,2026-06-26
9,1039,1024,98.56,2026-06-26
10,1014,1004,99.01,2026-06-26
11,998,985,98.7,2026-06-26
12,1016,1002,98.62,2026-06-26
13,1060,1049,98.96,2026-06-26
14,1111,1100,99.01,2026-06-26
15,1119,1110,99.2,2026-06-26
16,1120,1109,99.02,2026-06-26
17,1066,1054,98.87,2026-06-26
18,961,947,98.54,2026-06-26
19,866,856,98.85,2026-06-26
20,769,763,99.22,2026-06-26
21,649,646,99.54,2026-06-26
22,566,562,99.29,2026-06-26
23,404,400,99.01,2026-06-26
0,229,227,99.13,2026-06-27
1,195,191,97.95,2026-06-27
2,158,157,99.37,2026-06-27
3,145,145,100.0,2026-06-27
4,92,91,98.91,2026-06-27
5,279,278,99.64,2026-06-27
6,469,467,99.57,2026-06-27
7,544,541,99.45,2026-06-27
8,614,609,99.19,2026-06-27
9,766,760,99.22,2026-06-27
10,853,851,99.77,2026-06-27
11,870,868,99.77,2026-06-27
12,872,864,99.08,2026-06-27
13,867,857,98.85,2026-06-27
14,869,862,99.19,2026-06-27
15,868,856,98.62,2026-06-27
16,867,857,98.85,2026-06-27
17,860,846,98.37,2026-06-27
18,839,829,98.81,2026-06-27
19,783,775,98.98,2026-06-27
20,719,713,99.17,2026-06-27
21,625,617,98.72,2026-06-27
22,557,552,99.1,2026-06-27
23,399,395,99.0,2026-06-27
0,206,204,99.03,2026-06-28
1,125,122,97.6,2026-06-28
2,23,21,91.3,2026-06-28
3,9,8,88.89,2026-06-28
4,23,22,95.65,2026-06-28
5,140,138,98.57,2026-06-28
6,384,381,99.22,2026-06-28
7,463,459,99.14,2026-06-28
8,519,515,99.23,2026-06-28
9,630,627,99.52,2026-06-28
10,721,712,98.75,2026-06-28
11,748,741,99.06,2026-06-28
12,758,753,99.34,2026-06-28
13,756,747,98.81,2026-06-28
14,752,749,99.6,2026-06-28
15,755,749,99.21,2026-06-28
16,757,755,99.74,2026-06-28
17,751,746,99.33,2026-06-28
18,744,740,99.46,2026-06-28
19,727,723,99.45,2026-06-28
20,689,687,99.71,2026-06-28
21,619,617,99.68,2026-06-28
22,541,541,100.0,2026-06-28
23,386,384,99.48,2026-06-28
0,214,212,99.07,2026-06-29
1,131,124,94.66,2026-06-29
2,23,23,100.0,2026-06-29
3,10,10,100.0,2026-06-29
4,132,132,100.0,2026-06-29
5,614,614,100.0,2026-06-29
6,982,982,100.0,2026-06-29
7,1119,1119,100.0,2026-06-29
8,1113,1108,99.55,2026-06-29
9,1039,1032,99.33,2026-06-29
10,1014,1006,99.21,2026-06-29
11,998,990,99.2,2026-06-29
12,1016,1010,99.41,2026-06-29
13,1060,1052,99.25,2026-06-29
14,1111,1100,99.01,2026-06-29
15,1121,1112,99.2,2026-06-29
16,1121,1112,99.2,2026-06-29
17,1065,1056,99.15,2026-06-29
18,961,957,99.58,2026-06-29
19,866,863,99.65,2026-06-29
20,769,767,99.74,2026-06-29
21,645,642,99.53,2026-06-29
22,559,556,99.46,2026-06-29
23,395,393,99.49,2026-06-29
0,214,208,97.2,2026-06-30
1,131,129,98.47,2026-06-30
2,23,23,100.0,2026-06-30
3,10,10,100.0,2026-06-30
4,132,131,99.24,2026-06-30
5,614,612,99.67,2026-06-30
6,982,980,99.8,2026-06-30
7,1119,1118,99.91,2026-06-30
8,1113,1105,99.28,2026-06-30
9,1039,1030,99.13,2026-06-30
10,1014,1009,99.51,2026-06-30
11,998,994,99.6,2026-06-30
12,1016,1008,99.21,2026-06-30
13,1060,1052,99.25,2026-06-30
14,1111,1097,98.74,2026-06-30
15,1121,1109,98.93,2026-06-30
16,1121,1114,99.38,2026-06-30
17,1065,1055,99.06,2026-06-30
18,961,951,98.96,2026-06-30
19,866,857,98.96,2026-06-30
20,769,764,99.35,2026-06-30
21,645,638,98.91,2026-06-30
22,559,550,98.39,2026-06-30
23,395,391,98.99,2026-06-30
0,214,212,99.07,2026-07-01
1,131,131,100.0,2026-07-01
2,23,23,100.0,2026-07-01
3,10,10,100.0,2026-07-01
4,132,131,99.24,2026-07-01
5,614,613,99.84,2026-07-01
6,982,982,100.0,2026-07-01
7,1119,1118,99.91,2026-07-01
8,1113,1106,99.37,2026-07-01
9,1039,1028,98.94,2026-07-01
10,1014,1007,99.31,2026-07-01
11,998,991,99.3,2026-07-01
12,1016,1007,99.11,2026-07-01
13,1060,1054,99.43,2026-07-01
14,1111,1102,99.19,2026-07-01
15,1121,1115,99.46,2026-07-01
16,1121,1114,99.38,2026-07-01
17,1065,1057,99.25,2026-07-01
18,961,956,99.48,2026-07-01
19,866,861,99.42,2026-07-01
20,769,767,99.74,2026-07-01
21,645,638,98.91,2026-07-01
22,559,557,99.64,2026-07-01
23,395,392,99.24,2026-07-01
0,214,212,99.07,2026-07-02
1,131,129,98.47,2026-07-02
2,23,22,95.65,2026-07-02
3,10,10,100.0,2026-07-02
4,132,132,100.0,2026-07-02
5,614,614,100.0,2026-07-02
6,982,982,100.0,2026-07-02
7,1119,1119,100.0,2026-07-02
8,1113,1105,99.28,2026-07-02
9,1039,1031,99.23,2026-07-02
10,1014,1011,99.7,2026-07-02
11,998,995,99.7,2026-07-02
12,1016,1011,99.51,2026-07-02
13,1060,1054,99.43,2026-07-02
14,1111,1102,99.19,2026-07-02
15,1121,1118,99.73,2026-07-02
16,1121,1113,99.29,2026-07-02
17,1065,1062,99.72,2026-07-02
18,961,955,99.38,2026-07-02
19,866,860,99.31,2026-07-02
20,769,765,99.48,2026-07-02
21,645,641,99.38,2026-07-02
22,559,556,99.46,2026-07-02
23,395,393,99.49,2026-07-02
0,234,230,98.29,2026-07-03
1,195,191,97.95,2026-07-03
2,158,156,98.73,2026-07-03
3,146,144,98.63,2026-07-03
4,190,186,97.89,2026-07-03
5,614,607,98.86,2026-07-03
6,982,974,99.19,2026-07-03
7,1119,1106,98.84,2026-07-03
8,1113,1103,99.1,2026-07-03
9,1039,1036,99.71,2026-07-03
10,1014,1009,99.51,2026-07-03
11,998,994,99.6,2026-07-03
12,1016,1012,99.61,2026-07-03
13,1060,1056,99.62,2026-07-03
14,1111,1104,99.37,2026-07-03
15,1119,1115,99.64,2026-07-03
16,1120,1115,99.55,2026-07-03
17,1066,1059,99.34,2026-07-03
18,961,953,99.17,2026-07-03
19,866,860,99.31,2026-07-03
20,769,765,99.48,2026-07-03
21,649,643,99.08,2026-07-03
22,566,559,98.76,2026-07-03
23,405,397,98.02,2026-07-03
0,232,230,99.14,2026-07-04
1,195,192,98.46,2026-07-04
2,158,158,100.0,2026-07-04
3,145,144,99.31,2026-07-04
4,92,92,100.0,2026-07-04
5,279,277,99.28,2026-07-04
6,469,464,98.93,2026-07-04
7,544,543,99.82,2026-07-04
8,614,609,99.19,2026-07-04
9,766,760,99.22,2026-07-04
10,853,845,99.06,2026-07-04
11,870,863,99.2,2026-07-04
12,872,864,99.08,2026-07-04
13,867,863,99.54,2026-07-04
14,869,864,99.42,2026-07-04
15,868,864,99.54,2026-07-04
16,867,860,99.19,2026-07-04
17,860,853,99.19,2026-07-04
18,839,837,99.76,2026-07-04
19,783,779,99.49,2026-07-04
20,719,715,99.44,2026-07-04
21,625,624,99.84,2026-07-04
22,557,554,99.46,2026-07-04
23,400,400,100.0,2026-07-04
0,206,205,99.51,2026-07-05
1,125,124,99.2,2026-07-05
2,23,23,100.0,2026-07-05
3,9,9,100.0,2026-07-05
4,23,23,100.0,2026-07-05
5,140,138,98.57,2026-07-05
6,384,384,100.0,2026-07-05
7,463,460,99.35,2026-07-05
8,519,519,100.0,2026-07-05
9,630,628,99.68,2026-07-05
10,721,719,99.72,2026-07-05
11,748,747,99.87,2026-07-05
12,758,757,99.87,2026-07-05
13,756,754,99.74,2026-07-05
14,752,749,99.6,2026-07-05
15,755,754,99.87,2026-07-05
16,757,756,99.87,2026-07-05
17,751,749,99.73,2026-07-05
18,744,741,99.6,2026-07-05
19,727,725,99.72,2026-07-05
20,689,688,99.85,2026-07-05
21,619,617,99.68,2026-07-05
22,541,537,99.26,2026-07-05
23,386,384,99.48,2026-07-05
0,214,212,99.07,2026-07-06
1,131,130,99.24,2026-07-06
2,23,23,100.0,2026-07-06
3,10,10,100.0,2026-07-06
4,132,131,99.24,2026-07-06
5,614,612,99.67,2026-07-06
6,981,977,99.59,2026-07-06
7,1118,1115,99.73,2026-07-06
8,1111,1106,99.55,2026-07-06
9,1038,1031,99.33,2026-07-06
10,1012,1008,99.6,2026-07-06
11,997,991,99.4,2026-07-06
12,1014,1007,99.31,2026-07-06
13,1059,1051,99.24,2026-07-06
14,1110,1106,99.64,2026-07-06
15,1120,1113,99.38,2026-07-06
16,1118,1115,99.73,2026-07-06
17,1064,1059,99.53,2026-07-06
18,960,956,99.58,2026-07-06
19,866,864,99.77,2026-07-06
20,769,766,99.61,2026-07-06
21,645,644,99.84,2026-07-06
22,559,557,99.64,2026-07-06
23,395,394,99.75,2026-07-06
0,214,211,98.6,2026-07-07
1,131,129,98.47,2026-07-07
2,23,22,95.65,2026-07-07
3,10,10,100.0,2026-07-07
4,132,131,99.24,2026-07-07
5,614,612,99.67,2026-07-07
6,981,977,99.59,2026-07-07
7,1118,1115,99.73,2026-07-07
8,1111,1104,99.37,2026-07-07
9,1038,1032,99.42,2026-07-07
10,1012,1005,99.31,2026-07-07
11,997,985,98.8,2026-07-07
12,1014,1006,99.21,2026-07-07
13,1059,1050,99.15,2026-07-07
14,1110,1102,99.28,2026-07-07
15,1120,1114,99.46,2026-07-07
16,1118,1112,99.46,2026-07-07
17,1064,1055,99.15,2026-07-07
18,960,954,99.38,2026-07-07
19,866,862,99.54,2026-07-07
20,769,764,99.35,2026-07-07
21,645,642,99.53,2026-07-07
22,559,555,99.28,2026-07-07
23,395,392,99.24,2026-07-07
0,214,211,98.6,2026-07-08
1,131,130,99.24,2026-07-08
2,23,22,95.65,2026-07-08
3,10,10,100.0,2026-07-08
4,132,131,99.24,2026-07-08
5,614,611,99.51,2026-07-08
6,981,976,99.49,2026-07-08
7,1118,1114,99.64,2026-07-08
8,1111,1108,99.73,2026-07-08
9,1038,1035,99.71,2026-07-08
10,1012,1007,99.51,2026-07-08
11,997,993,99.6,2026-07-08
12,1014,1011,99.7,2026-07-08
13,1059,1052,99.34,2026-07-08
14,1110,1105,99.55,2026-07-08
15,1120,1113,99.38,2026-07-08
16,1118,1114,99.64,2026-07-08
17,1064,1055,99.15,2026-07-08
18,960,955,99.48,2026-07-08
19,866,860,99.31,2026-07-08
20,769,766,99.61,2026-07-08
21,645,644,99.84,2026-07-08
22,559,557,99.64,2026-07-08
23,395,393,99.49,2026-07-08
0,214,214,100.0,2026-07-09
1,131,131,100.0,2026-07-09
2,23,23,100.0,2026-07-09
3,10,10,100.0,2026-07-09
4,132,131,99.24,2026-07-09
5,614,611,99.51,2026-07-09
6,981,976,99.49,2026-07-09
7,1118,1114,99.64,2026-07-09
8,1111,1107,99.64,2026-07-09
9,1038,1032,99.42,2026-07-09
10,1012,1007,99.51,2026-07-09
11,997,989,99.2,2026-07-09
12,1014,1010,99.61,2026-07-09
13,1059,1052,99.34,2026-07-09
14,1110,1098,98.92,2026-07-09
15,1120,1109,99.02,2026-07-09
16,1118,1110,99.28,2026-07-09
17,1064,1055,99.15,2026-07-09
18,960,955,99.48,2026-07-09
19,866,861,99.42,2026-07-09
20,769,764,99.35,2026-07-09
21,645,642,99.53,2026-07-09
22,559,553,98.93,2026-07-09
23,395,394,99.75,2026-07-09
0,234,231,98.72,2026-07-10
1,196,194,98.98,2026-07-10
2,158,157,99.37,2026-07-10
3,146,146,100.0,2026-07-10
4,190,188,98.95,2026-07-10
5,614,605,98.53,2026-07-10
6,981,968,98.67,2026-07-10
7,1118,1108,99.11,2026-07-10
8,1111,1100,99.01,2026-07-10
9,1038,1026,98.84,2026-07-10
10,1012,1005,99.31,2026-07-10
11,997,992,99.5,2026-07-10
12,1014,1005,99.11,2026-07-10
13,1059,1051,99.24,2026-07-10
14,1110,1100,99.1,2026-07-10
15,1118,1110,99.28,2026-07-10
16,1117,1110,99.37,2026-07-10
17,1065,1056,99.15,2026-07-10
18,960,952,99.17,2026-07-10
19,866,860,99.31,2026-07-10
20,769,761,98.96,2026-07-10
21,649,643,99.08,2026-07-10
22,566,563,99.47,2026-07-10
23,405,398,98.27,2026-07-10
0,232,229,98.71,2026-07-11
1,196,194,98.98,2026-07-11
2,158,158,100.0,2026-07-11
3,145,145,100.0,2026-07-11
4,92,92,100.0,2026-07-11
5,279,279,100.0,2026-07-11
6,469,468,99.79,2026-07-11
7,544,543,99.82,2026-07-11
8,614,612,99.67,2026-07-11
9,766,762,99.48,2026-07-11
10,853,848,99.41,2026-07-11
11,870,865,99.43,2026-07-11
12,872,868,99.54,2026-07-11
13,867,864,99.65,2026-07-11
14,869,864,99.42,2026-07-11
15,868,864,99.54,2026-07-11
16,867,859,99.08,2026-07-11
17,860,851,98.95,2026-07-11
18,839,832,99.17,2026-07-11
19,783,774,98.85,2026-07-11
20,719,716,99.58,2026-07-11
21,626,622,99.36,2026-07-11
22,560,552,98.57,2026-07-11
23,400,397,99.25,2026-07-11
0,206,204,99.03,2026-07-12
1,125,123,98.4,2026-07-12
2,23,22,95.65,2026-07-12
3,9,8,88.89,2026-07-12
4,23,23,100.0,2026-07-12
5,140,140,100.0,2026-07-12
6,384,382,99.48,2026-07-12
7,463,461,99.57,2026-07-12
8,519,518,99.81,2026-07-12
9,630,628,99.68,2026-07-12
10,721,716,99.31,2026-07-12
11,748,744,99.47,2026-07-12
12,758,752,99.21,2026-07-12
13,756,747,98.81,2026-07-12
14,752,742,98.67,2026-07-12
15,755,750,99.34,2026-07-12
16,757,751,99.21,2026-07-12
17,751,744,99.07,2026-07-12
18,744,737,99.06,2026-07-12
19,727,723,99.45,2026-07-12
20,689,684,99.27,2026-07-12
21,619,614,99.19,2026-07-12
22,541,539,99.63,2026-07-12
23,386,384,99.48,2026-07-12
0,214,211,98.6,2026-07-13
1,131,130,99.24,2026-07-13
2,23,23,100.0,2026-07-13
3,10,10,100.0,2026-07-13
4,132,132,100.0,2026-07-13
5,614,614,100.0,2026-07-13
6,981,979,99.8,2026-07-13
7,1118,1116,99.82,2026-07-13
8,1111,1106,99.55,2026-07-13
9,1038,1028,99.04,2026-07-13
10,1012,1004,99.21,2026-07-13
11,997,991,99.4,2026-07-13
12,1014,1009,99.51,2026-07-13
13,1059,1051,99.24,2026-07-13
14,1110,1101,99.19,2026-07-13
15,1120,1111,99.2,2026-07-13
16,1118,1111,99.37,2026-07-13
17,1064,1049,98.59,2026-07-13
18,960,952,99.17,2026-07-13
19,866,856,98.85,2026-07-13
20,769,764,99.35,2026-07-13
21,645,638,98.91,2026-07-13
22,559,554,99.11,2026-07-13
23,395,392,99.24,2026-07-13
0,214,214,100.0,2026-07-14
1,131,131,100.0,2026-07-14
2,23,23,100.0,2026-07-14
3,10,10,100.0,2026-07-14
4,132,132,100.0,2026-07-14
5,614,614,100.0,2026-07-14
6,982,982,100.0,2026-07-14
7,1119,1119,100.0,2026-07-14
8,1111,1103,99.28,2026-07-14
9,1039,1027,98.85,2026-07-14
10,1012,998,98.62,2026-07-14
11,998,987,98.9,2026-07-14
12,1016,1006,99.02,2026-07-14
13,1060,1047,98.77,2026-07-14
14,1111,1098,98.83,2026-07-14
15,1121,1108,98.84,2026-07-14
16,1119,1106,98.84,2026-07-14
17,1065,1058,99.34,2026-07-14
18,961,948,98.65,2026-07-14
19,866,859,99.19,2026-07-14
20,769,763,99.22,2026-07-14
21,645,640,99.22,2026-07-14
22,559,555,99.28,2026-07-14
23,395,393,99.49,2026-07-14
0,214,213,99.53,2026-07-15
1,131,131,100.0,2026-07-15
2,23,23,100.0,2026-07-15
3,10,10,100.0,2026-07-15
4,132,132,100.0,2026-07-15
5,614,614,100.0,2026-07-15
6,982,982,100.0,2026-07-15
7,1119,1119,100.0,2026-07-15
8,1113,1105,99.28,2026-07-15
9,1039,1032,99.33,2026-07-15
10,1014,1005,99.11,2026-07-15
11,998,987,98.9,2026-07-15
12,1016,1008,99.21,2026-07-15
13,1060,1052,99.25,2026-07-15
14,1111,1103,99.28,2026-07-15
15,1121,1112,99.2,2026-07-15
16,1121,1113,99.29,2026-07-15
17,1065,1055,99.06,2026-07-15
18,961,953,99.17,2026-07-15
19,866,859,99.19,2026-07-15
20,769,761,98.96,2026-07-15
21,645,639,99.07,2026-07-15
22,559,553,98.93,2026-07-15
23,395,392,99.24,2026-07-15
0,214,214,100.0,2026-07-16
1,131,131,100.0,2026-07-16
2,23,23,100.0,2026-07-16
3,10,10,100.0,2026-07-16
4,132,132,100.0,2026-07-16
5,614,614,100.0,2026-07-16
6,982,982,100.0,2026-07-16
7,1119,1119,100.0,2026-07-16
8,1113,1104,99.19,2026-07-16
9,1039,1028,98.94,2026-07-16
10,1014,1003,98.92,2026-07-16
11,998,990,99.2,2026-07-16
12,1016,1009,99.31,2026-07-16
13,1060,1053,99.34,2026-07-16
14,1111,1104,99.37,2026-07-16
15,1121,1116,99.55,2026-07-16
16,1121,1115,99.46,2026-07-16
17,1065,1058,99.34,2026-07-16
18,961,956,99.48,2026-07-16
19,866,862,99.54,2026-07-16
20,769,765,99.48,2026-07-16
21,645,642,99.53,2026-07-16
22,559,554,99.11,2026-07-16
23,395,392,99.24,2026-07-16
0,231,229,99.13,2026-07-17
1,195,191,97.95,2026-07-17
2,158,156,98.73,2026-07-17
3,146,143,97.95,2026-07-17
4,190,189,99.47,2026-07-17
5,614,606,98.7,2026-07-17
6,982,972,98.98,2026-07-17
7,1119,1110,99.2,2026-07-17
8,1113,1105,99.28,2026-07-17
9,1039,1031,99.23,2026-07-17
10,1014,1007,99.31,2026-07-17
11,998,991,99.3,2026-07-17
12,1016,1008,99.21,2026-07-17
13,1060,1052,99.25,2026-07-17
14,1112,1102,99.1,2026-07-17
15,1119,1111,99.29,2026-07-17
16,1120,1113,99.38,2026-07-17
17,1066,1057,99.16,2026-07-17
18,961,954,99.27,2026-07-17
19,866,858,99.08,2026-07-17
20,769,761,98.96,2026-07-17
21,649,640,98.61,2026-07-17
22,566,561,99.12,2026-07-17
23,404,402,99.5,2026-07-17
0,229,228,99.56,2026-07-18
1,195,194,99.49,2026-07-18
2,158,156,98.73,2026-07-18
3,145,144,99.31,2026-07-18
4,92,91,98.91,2026-07-18
5,279,278,99.64,2026-07-18
6,469,468,99.79,2026-07-18
7,544,540,99.26,2026-07-18
8,614,610,99.35,2026-07-18
9,766,762,99.48,2026-07-18
10,853,850,99.65,2026-07-18
11,870,865,99.43,2026-07-18
12,872,868,99.54,2026-07-18
13,867,861,99.31,2026-07-18
14,869,864,99.42,2026-07-18
15,868,862,99.31,2026-07-18
16,867,859,99.08,2026-07-18
17,860,854,99.3,2026-07-18
18,839,835,99.52,2026-07-18
19,783,777,99.23,2026-07-18
20,719,712,99.03,2026-07-18
21,625,616,98.56,2026-07-18
22,557,549,98.56,2026-07-18
23,399,394,98.75,2026-07-18
0,206,203,98.54,2026-07-19
1,125,121,96.8,2026-07-19
2,23,22,95.65,2026-07-19
3,9,9,100.0,2026-07-19
4,23,23,100.0,2026-07-19
5,140,139,99.29,2026-07-19
6,384,381,99.22,2026-07-19
7,463,461,99.57,2026-07-19
8,519,513,98.84,2026-07-19
9,628,624,99.36,2026-07-19
10,719,712,99.03,2026-07-19
11,746,734,98.39,2026-07-19
12,756,748,98.94,2026-07-19
13,754,744,98.67,2026-07-19
14,750,738,98.4,2026-07-19
15,753,743,98.67,2026-07-19
16,755,744,98.54,2026-07-19
17,750,740,98.67,2026-07-19
18,743,735,98.92,2026-07-19
19,725,717,98.9,2026-07-19
20,690,683,98.99,2026-07-19
21,619,612,98.87,2026-07-19
22,541,534,98.71,2026-07-19
23,386,379,98.19,2026-07-19
0,214,213,99.53,2026-07-20
1,131,131,100.0,2026-07-20
2,23,23,100.0,2026-07-20
3,10,10,100.0,2026-07-20
4,132,132,100.0,2026-07-20
5,614,614,100.0,2026-07-20
6,982,981,99.9,2026-07-20
7,1119,1118,99.91,2026-07-20
8,1113,1105,99.28,2026-07-20
9,1039,1030,99.13,2026-07-20
10,1014,1000,98.62,2026-07-20
11,998,987,98.9,2026-07-20
12,1016,1010,99.41,2026-07-20
13,1060,1053,99.34,2026-07-20
14,1111,1102,99.19,2026-07-20
15,1121,1108,98.84,2026-07-20
16,1121,1111,99.11,2026-07-20
17,1065,1055,99.06,2026-07-20
18,961,955,99.38,2026-07-20
19,866,859,99.19,2026-07-20
20,769,763,99.22,2026-07-20
21,645,642,99.53,2026-07-20
22,559,556,99.46,2026-07-20
23,395,392,99.24,2026-07-20
0,214,211,98.6,2026-07-21
1,131,130,99.24,2026-07-21
2,23,23,100.0,2026-07-21
3,10,10,100.0,2026-07-21
4,132,132,100.0,2026-07-21
5,614,613,99.84,2026-07-21
6,982,979,99.69,2026-07-21
7,1119,1115,99.64,2026-07-21
8,1113,1100,98.83,2026-07-21
9,1039,1028,98.94,2026-07-21
10,1014,1006,99.21,2026-07-21
11,998,986,98.8,2026-07-21
12,1016,1005,98.92,2026-07-21
13,1060,1047,98.77,2026-07-21
14,1111,1098,98.83,2026-07-21
15,1121,1110,99.02,2026-07-21
16,1121,1109,98.93,2026-07-21
17,1065,1052,98.78,2026-07-21
18,961,948,98.65,2026-07-21
19,866,853,98.5,2026-07-21
20,769,757,98.44,2026-07-21
21,645,635,98.45,2026-07-21
22,559,551,98.57,2026-07-21
23,395,389,98.48,2026-07-21
0,214,213,99.53,2026-07-22
1,131,131,100.0,2026-07-22
2,23,23,100.0,2026-07-22
3,10,10,100.0,2026-07-22
4,132,132,100.0,2026-07-22
5,614,612,99.67,2026-07-22
6,982,978,99.59,2026-07-22
7,1119,1113,99.46,2026-07-22
8,1113,1103,99.1,2026-07-22
9,1039,1031,99.23,2026-07-22
10,1014,1004,99.01,2026-07-22
11,998,988,99.0,2026-07-22
12,1016,1008,99.21,2026-07-22
13,1060,1050,99.06,2026-07-22
14,1111,1100,99.01,2026-07-22
15,1121,1111,99.11,2026-07-22
16,1121,1112,99.2,2026-07-22
17,1065,1057,99.25,2026-07-22
18,961,951,98.96,2026-07-22
19,866,857,98.96,2026-07-22
20,769,762,99.09,2026-07-22
21,645,638,98.91,2026-07-22
22,559,552,98.75,2026-07-22
23,395,391,98.99,2026-07-22
0,214,212,99.07,2026-07-23
1,131,130,99.24,2026-07-23
2,23,23,100.0,2026-07-23
3,10,10,100.0,2026-07-23
4,132,132,100.0,2026-07-23
5,614,613,99.84,2026-07-23
6,982,979,99.69,2026-07-23
7,1119,1115,99.64,2026-07-23
8,1113,1102,99.01,2026-07-23
9,1039,1030,99.13,2026-07-23
10,1014,1005,99.11,2026-07-23
11,998,988,99.0,2026-07-23
12,1016,1004,98.82,2026-07-23
13,1060,1049,98.96,2026-07-23
14,1111,1099,98.92,2026-07-23
15,1121,1109,98.93,2026-07-23
16,1121,1110,99.02,2026-07-23
17,1065,1056,99.15,2026-07-23
18,961,951,98.96,2026-07-23
19,866,856,98.85,2026-07-23
20,769,760,98.83,2026-07-23
21,645,635,98.45,2026-07-23
22,559,549,98.21,2026-07-23
23,395,387,97.97,2026-07-23
0,232,230,99.14,2026-07-24
1,195,194,99.49,2026-07-24
2,158,158,100.0,2026-07-24
3,146,146,100.0,2026-07-24
4,190,190,100.0,2026-07-24
5,614,611,99.51,2026-07-24
6,981,973,99.18,2026-07-24
7,1118,1109,99.19,2026-07-24
8,1111,1105,99.46,2026-07-24
9,1038,1029,99.13,2026-07-24
10,1012,1005,99.31,2026-07-24
11,997,987,99.0,2026-07-24
12,1014,1006,99.21,2026-07-24
13,1059,1047,98.87,2026-07-24
14,1110,1100,99.1,2026-07-24
15,1118,1106,98.93,2026-07-24
16,1117,1107,99.1,2026-07-24
17,1065,1055,99.06,2026-07-24
18,960,951,99.06,2026-07-24
19,866,859,99.19,2026-07-24
20,769,764,99.35,2026-07-24
21,649,644,99.23,2026-07-24
22,566,559,98.76,2026-07-24
23,405,398,98.27,2026-07-24
0,230,227,98.7,2026-07-25
1,195,192,98.46,2026-07-25
2,158,157,99.37,2026-07-25
3,145,144,99.31,2026-07-25
4,92,92,100.0,2026-07-25
5,279,271,97.13,2026-07-25
6,469,464,98.93,2026-07-25
7,544,538,98.9,2026-07-25
8,614,608,99.02,2026-07-25
9,766,760,99.22,2026-07-25
10,853,847,99.3,2026-07-25
11,870,861,98.97,2026-07-25
12,872,864,99.08,2026-07-25
13,867,859,99.08,2026-07-25
14,869,862,99.19,2026-07-25
15,868,861,99.19,2026-07-25
16,867,860,99.19,2026-07-25
17,860,851,98.95,2026-07-25
18,839,831,99.05,2026-07-25
19,783,777,99.23,2026-07-25
20,719,711,98.89,2026-07-25
21,625,620,99.2,2026-07-25
22,557,553,99.28,2026-07-25
23,400,395,98.75,2026-07-25
0,206,205,99.51,2026-07-26
1,125,125,100.0,2026-07-26
2,23,23,100.0,2026-07-26
3,9,9,100.0,2026-07-26
4,23,23,100.0,2026-07-26
5,140,138,98.57,2026-07-26
6,384,379,98.7,2026-07-26
7,463,458,98.92,2026-07-26
8,519,512,98.65,2026-07-26
9,630,618,98.1,2026-07-26
10,721,711,98.61,2026-07-26
11,748,736,98.4,2026-07-26
12,758,748,98.68,2026-07-26
13,756,747,98.81,2026-07-26
14,752,742,98.67,2026-07-26
15,755,745,98.68,2026-07-26
16,757,746,98.55,2026-07-26
17,751,740,98.54,2026-07-26
18,744,735,98.79,2026-07-26
19,727,718,98.76,2026-07-26
20,689,678,98.4,2026-07-26
21,619,608,98.22,2026-07-26
22,541,536,99.08,2026-07-26
23,386,381,98.7,2026-07-26
0,215,214,99.53,2026-07-27
1,133,133,100.0,2026-07-27
2,23,23,100.0,2026-07-27
3,9,9,100.0,2026-07-27
4,130,130,100.0,2026-07-27
5,609,608,99.84,2026-07-27
6,973,970,99.69,2026-07-27
7,1105,1101,99.64,2026-07-27
8,1095,1089,99.45,2026-07-27
9,1027,1018,99.12,2026-07-27
10,990,978,98.79,2026-07-27
11,974,965,99.08,2026-07-27
12,992,980,98.79,2026-07-27
13,1038,1023,98.55,2026-07-27
14,1095,1086,99.18,2026-07-27
15,1111,1094,98.47,2026-07-27
16,1105,1094,99.0,2026-07-27
17,1051,1037,98.67,2026-07-27
18,945,938,99.26,2026-07-27
19,841,829,98.57,2026-07-27
20,743,735,98.92,2026-07-27
21,624,617,98.88,2026-07-27
22,540,533,98.7,2026-07-27
23,387,378,97.67,2026-07-27
0,215,214,99.53,2026-07-28
1,133,133,100.0,2026-07-28
2,23,23,100.0,2026-07-28
3,9,9,100.0,2026-07-28
4,130,130,100.0,2026-07-28
5,609,608,99.84,2026-07-28
6,973,970,99.69,2026-07-28
7,1105,1101,99.64,2026-07-28
8,1095,1089,99.45,2026-07-28
9,1026,1019,99.32,2026-07-28
10,990,980,98.99,2026-07-28
11,973,960,98.66,2026-07-28
12,992,978,98.59,2026-07-28
13,1036,1026,99.03,2026-07-28
14,1095,1084,99.0,2026-07-28
15,1111,1092,98.29,2026-07-28
16,1105,1090,98.64,2026-07-28
17,1051,1040,98.95,2026-07-28
18,945,937,99.15,2026-07-28
19,841,830,98.69,2026-07-28
20,743,735,98.92,2026-07-28
21,624,613,98.24,2026-07-28
22,540,531,98.33,2026-07-28
23,387,379,97.93,2026-07-28
0,215,214,99.53,2026-07-29
1,133,133,100.0,2026-07-29
2,23,23,100.0,2026-07-29
3,9,9,100.0,2026-07-29
4,130,130,100.0,2026-07-29
5,609,607,99.67,2026-07-29
6,973,973,100.0,2026-07-29
7,1105,1101,99.64,2026-07-29
8,1094,1083,98.99,2026-07-29
9,1025,1013,98.83,2026-07-29
10,988,979,99.09,2026-07-29
11,972,965,99.28,2026-07-29
12,990,984,99.39,2026-07-29
13,1036,1026,99.03,2026-07-29
14,1093,1083,99.09,2026-07-29
15,1111,1094,98.47,2026-07-29
16,1105,1091,98.73,2026-07-29
17,1051,1039,98.86,2026-07-29
18,945,937,99.15,2026-07-29
19,841,833,99.05,2026-07-29
20,743,736,99.06,2026-07-29
21,624,618,99.04,2026-07-29
22,540,534,98.89,2026-07-29
23,387,383,98.97,2026-07-29
0,215,213,99.07,2026-07-30
1,133,131,98.5,2026-07-30
2,23,23,100.0,2026-07-30
3,9,9,100.0,2026-07-30
4,130,130,100.0,2026-07-30
5,609,608,99.84,2026-07-30
6,973,973,100.0,2026-07-30
7,1105,1101,99.64,2026-07-30
8,1094,1084,99.09,2026-07-30
9,1025,1012,98.73,2026-07-30
10,988,975,98.68,2026-07-30
11,972,958,98.56,2026-07-30
12,990,977,98.69,2026-07-30
13,1036,1022,98.65,2026-07-30
14,1093,1082,98.99,2026-07-30
15,1111,1096,98.65,2026-07-30
16,1105,1089,98.55,2026-07-30
17,1051,1035,98.48,2026-07-30
18,945,933,98.73,2026-07-30
19,841,830,98.69,2026-07-30
20,743,735,98.92,2026-07-30
21,624,617,98.88,2026-07-30
22,540,533,98.7,2026-07-30
23,387,383,98.97,2026-07-30
0,227,226,99.56,2026-07-31
1,192,191,99.48,2026-07-31
2,155,150,96.77,2026-07-31
3,143,139,97.2,2026-07-31
4,187,186,99.47,2026-07-31
5,609,605,99.34,2026-07-31
6,970,967,99.69,2026-07-31
7,1099,1095,99.64,2026-07-31
8,1089,1083,99.45,2026-07-31
9,1023,1017,99.41,2026-07-31
10,986,978,99.19,2026-07-31
11,970,966,99.59,2026-07-31
12,988,986,99.8,2026-07-31
13,1034,1032,99.81,2026-07-31
14,1091,1090,99.91,2026-07-31
15,1103,1099,99.64,2026-07-31
16,1100,1093,99.36,2026-07-31
17,1048,1042,99.43,2026-07-31
18,944,941,99.68,2026-07-31
19,841,840,99.88,2026-07-31
20,743,740,99.6,2026-07-31
21,628,625,99.52,2026-07-31
22,547,544,99.45,2026-07-31
23,394,391,99.24,2026-07-31
0,223,223,100.0,2026-08-01
1,191,188,98.43,2026-08-01
2,155,154,99.35,2026-08-01
3,142,142,100.0,2026-08-01
4,88,88,100.0,2026-08-01
5,270,270,100.0,2026-08-01
6,462,461,99.78,2026-08-01
7,533,531,99.62,2026-08-01
8,601,598,99.5,2026-08-01
9,750,746,99.47,2026-08-01
10,833,831,99.76,2026-08-01
11,853,850,99.65,2026-08-01
12,854,850,99.53,2026-08-01
13,846,843,99.65,2026-08-01
14,852,848,99.53,2026-08-01
15,850,847,99.65,2026-08-01
16,847,843,99.53,2026-08-01
17,842,839,99.64,2026-08-01
18,822,820,99.76,2026-08-01
19,765,763,99.74,2026-08-01
20,700,698,99.71,2026-08-01
21,606,605,99.83,2026-08-01
22,541,540,99.82,2026-08-01
23,396,396,100.0,2026-08-01
0,205,204,99.51,2026-08-02
1,126,125,99.21,2026-08-02
2,23,22,95.65,2026-08-02
3,8,8,100.0,2026-08-02
4,18,17,94.44,2026-08-02
5,135,134,99.26,2026-08-02
6,375,372,99.2,2026-08-02
7,455,454,99.78,2026-08-02
8,510,508,99.61,2026-08-02
9,615,612,99.51,2026-08-02
10,709,705,99.44,2026-08-02
11,734,731,99.59,2026-08-02
12,743,738,99.33,2026-08-02
13,740,733,99.05,2026-08-02
14,738,733,99.32,2026-08-02
15,740,737,99.59,2026-08-02
16,739,737,99.73,2026-08-02
17,734,732,99.73,2026-08-02
18,727,725,99.72,2026-08-02
19,705,703,99.72,2026-08-02
20,669,666,99.55,2026-08-02
21,599,597,99.67,2026-08-02
22,524,522,99.62,2026-08-02
23,382,381,99.74,2026-08-02
0,215,211,98.14,2026-08-03
1,133,132,99.25,2026-08-03
2,23,23,100.0,2026-08-03
3,9,9,100.0,2026-08-03
4,130,130,100.0,2026-08-03
5,609,609,100.0,2026-08-03
6,970,970,100.0,2026-08-03
7,1100,1100,100.0,2026-08-03
8,1090,1087,99.72,2026-08-03
9,1023,1017,99.41,2026-08-03
10,986,978,99.19,2026-08-03
11,970,960,98.97,2026-08-03
12,988,982,99.39,2026-08-03
13,1034,1025,99.13,2026-08-03
14,1091,1079,98.9,2026-08-03
15,1106,1101,99.55,2026-08-03
16,1099,1090,99.18,2026-08-03
17,1047,1038,99.14,2026-08-03
18,944,934,98.94,2026-08-03
19,841,831,98.81,2026-08-03
20,743,732,98.52,2026-08-03
21,624,619,99.2,2026-08-03
22,540,533,98.7,2026-08-03
23,387,383,98.97,2026-08-03
0,215,214,99.53,2026-08-04
1,133,130,97.74,2026-08-04
2,23,23,100.0,2026-08-04
3,9,9,100.0,2026-08-04
4,130,130,100.0,2026-08-04
5,609,609,100.0,2026-08-04
6,970,970,100.0,2026-08-04
7,1100,1100,100.0,2026-08-04
8,1090,1083,99.36,2026-08-04
9,1023,1013,99.02,2026-08-04
10,986,981,99.49,2026-08-04
11,970,965,99.48,2026-08-04
12,988,984,99.6,2026-08-04
13,1034,1028,99.42,2026-08-04
14,1091,1085,99.45,2026-08-04
15,1106,1099,99.37,2026-08-04
16,1099,1096,99.73,2026-08-04
17,1047,1043,99.62,2026-08-04
18,944,938,99.36,2026-08-04
19,841,835,99.29,2026-08-04
20,743,738,99.33,2026-08-04
21,624,619,99.2,2026-08-04
22,540,533,98.7,2026-08-04
23,387,384,99.22,2026-08-04
